<?xml version="1.0" encoding="UTF-8"?>
<ejb-jar version="2.1" xmlns="http://java.sun.com/xml/ns/j2ee" xmlns:xsi="http://www.w3.org/2001/XMLSchema-instance" xsi:schemaLocation="http://java.sun.com/xml/ns/j2ee http://java.sun.com/xml/ns/j2ee/ejb-jar_2_1.xsd">
  <display-name>CMPRoster</display-name>
  <enterprise-beans>
    <session>
      <display-name>RosterSB</display-name>
      <ejb-name>RosterBean</ejb-name>
      <home>roster.RosterRemoteHome</home>
      <remote>roster.RosterRemote</remote>
      <local-home>roster.RosterLocalHome</local-home>
      <local>roster.RosterLocal</local>
      <ejb-class>roster.RosterBean</ejb-class>
      <session-type>Stateless</session-type>
      <transaction-type>Container</transaction-type>
      <ejb-local-ref>
        <ejb-ref-name>ejb/LeagueBean</ejb-ref-name>
        <ejb-ref-type>Entity</ejb-ref-type>
        <local-home>team.LeagueLocalHome</local-home>
        <local>team.LeagueLocal</local>
        <ejb-link>LeagueBean</ejb-link>
      </ejb-local-ref>
      <ejb-local-ref>
        <ejb-ref-name>ejb/PlayerBean</ejb-ref-name>
        <ejb-ref-type>Entity</ejb-ref-type>
        <local-home>team.PlayerLocalHome</local-home>
        <local>team.PlayerLocal</local>
        <ejb-link>PlayerBean</ejb-link>
      </ejb-local-ref>
      <ejb-local-ref>
        <ejb-ref-name>ejb/TeamBean</ejb-ref-name>
        <ejb-ref-type>Entity</ejb-ref-type>
        <local-home>team.TeamLocalHome</local-home>
        <local>team.TeamLocal</local>
        <ejb-link>TeamBean</ejb-link>
      </ejb-local-ref>
    </session>
    <entity>
      <display-name>TeamEB</display-name>
      <ejb-name>TeamBean</ejb-name>
      <local-home>team.TeamLocalHome</local-home>
      <local>team.TeamLocal</local>
      <ejb-class>team.TeamBean</ejb-class>
      <persistence-type>Container</persistence-type>
      <prim-key-class>java.lang.String</prim-key-class>
      <reentrant>false</reentrant>
      <abstract-schema-name>Team</abstract-schema-name>
      <cmp-field>
        <field-name>teamId</field-name>
      </cmp-field>
      <cmp-field>
        <field-name>name</field-name>
      </cmp-field>
      <cmp-field>
        <field-name>city</field-name>
      </cmp-field>
      <primkey-field>teamId</primkey-field>
      <query>
        <description>auto generated method</description>
        <query-method>
          <method-name>findByName</method-name>
          <method-params>
            <method-param>java.lang.String</method-param>
          </method-params>
        </query-method>
        <ejb-ql>SELECT OBJECT(t) FROM Team AS t WHERE t.name = ?1</ejb-ql>
      </query>
      <query>
        <description>auto generated method</description>
        <query-method>
          <method-name>findByCity</method-name>
          <method-params>
            <method-param>java.lang.String</method-param>
          </method-params>
        </query-method>
        <ejb-ql>SELECT OBJECT(t) FROM Team AS t WHERE t.city = ?1</ejb-ql>
      </query>
    </entity>
    <entity>
      <display-name>PlayerEB</display-name>
      <ejb-name>PlayerBean</ejb-name>
      <local-home>team.PlayerLocalHome</local-home>
      <local>team.PlayerLocal</local>
      <ejb-class>team.PlayerBean</ejb-class>
      <persistence-type>Container</persistence-type>
      <prim-key-class>java.lang.String</prim-key-class>
      <reentrant>false</reentrant>
      <abstract-schema-name>Player</abstract-schema-name>
      <cmp-field>
        <field-name>playerId</field-name>
      </cmp-field>
      <cmp-field>
        <field-name>name</field-name>
      </cmp-field>
      <cmp-field>
        <field-name>position</field-name>
      </cmp-field>
      <cmp-field>
        <field-name>salary</field-name>
      </cmp-field>
      <primkey-field>playerId</primkey-field>
      <query>
        <description>auto generated method</description>
        <query-method>
          <method-name>findByName</method-name>
          <method-params>
            <method-param>java.lang.String</method-param>
          </method-params>
        </query-method>
        <ejb-ql>SELECT OBJECT(p) FROM Player AS p WHERE p.name = ?1</ejb-ql>
      </query>
      <query>
        <description>auto generated method</description>
        <query-method>
          <method-name>findByPosition</method-name>
          <method-params>
            <method-param>java.lang.String</method-param>
          </method-params>
        </query-method>
        <ejb-ql>SELECT OBJECT(p) FROM Player AS p WHERE p.position = ?1</ejb-ql>
      </query>
      <query>
        <description>auto generated method</description>
        <query-method>
          <method-name>findBySalary</method-name>
          <method-params>
            <method-param>java.lang.Double</method-param>
          </method-params>
        </query-method>
        <ejb-ql>SELECT OBJECT(p) FROM Player AS p WHERE p.salary = ?1</ejb-ql>
      </query>
      <query>
        <query-method>
          <method-name>findAll</method-name>
          <method-params/>
        </query-method>
        <ejb-ql>SELECT OBJECT(o) FROM Player o</ejb-ql>
      </query>
      <query>
        <query-method>
          <method-name>findByPositionAndName</method-name>
          <method-params>
            <method-param>java.lang.String</method-param>
            <method-param>java.lang.String</method-param>
          </method-params>
        </query-method>
        <ejb-ql>select distinct object(p) from Player p
where p.position=?1 and p.name=?2</ejb-ql>
      </query>
      <query>
        <query-method>
          <method-name>findBySalaryRange</method-name>
          <method-params>
            <method-param>double</method-param>
            <method-param>double</method-param>
          </method-params>
        </query-method>
        <ejb-ql>select distinct object(p) from Player p
where p.salary between ?1 and ?2
</ejb-ql>
      </query>
      <query>
        <query-method>
          <method-name>findBySport</method-name>
          <method-params>
            <method-param>java.lang.String</method-param>
          </method-params>
        </query-method>
        <ejb-ql>select distinct object(p) from Player p, in (p.teams) as t where t.league.sport=?1</ejb-ql>
      </query>
      <query>
        <query-method>
          <method-name>findByTest</method-name>
          <method-params>
            <method-param>java.lang.String</method-param>
            <method-param>java.lang.String</method-param>
            <method-param>java.lang.String</method-param>
          </method-params>
        </query-method>
        <ejb-ql>select distinct object(p) from Player p where p.name=?1</ejb-ql>
      </query>
      <query>
        <description>auto generated method</description>
        <query-method>
          <method-name>findByLeague</method-name>
          <method-params>
            <method-param>team.LeagueLocal</method-param>
          </method-params>
        </query-method>
        <ejb-ql>select distinct object(p) from Player p, in (p.teams) as t where t.league=?1</ejb-ql>
      </query>
      <query>
        <query-method>
          <method-name>ejbSelectLeagues</method-name>
          <method-params>
            <method-param>team.PlayerLocal</method-param>
          </method-params>
        </query-method>
        <ejb-ql>select distinct t.league
from Player p, in (p.teams) as t
where p=?1</ejb-ql>
      </query>
      <query>
        <query-method>
          <method-name>ejbSelectSports</method-name>
          <method-params>
            <method-param>team.PlayerLocal</method-param>
          </method-params>
        </query-method>
        <ejb-ql>select distinct t.league from Player p, in (p.teams) as t where p=?1</ejb-ql>
      </query>
      <query>
        <query-method>
          <method-name>findNotOnTeam</method-name>
          <method-params/>
        </query-method>
        <ejb-ql>select object(p) from Player p where p.teams is empty</ejb-ql>
      </query>
      <query>
        <query-method>
          <method-name>findByCity</method-name>
          <method-params>
            <method-param>java.lang.String</method-param>
          </method-params>
        </query-method>
        <ejb-ql>select distinct object(p) from Player p, in (p.teams) as t where t.city=?1</ejb-ql>
      </query>
      <query>
        <query-method>
          <method-name>findByHigherSalary</method-name>
          <method-params>
            <method-param>java.lang.String</method-param>
          </method-params>
        </query-method>
        <ejb-ql>select distinct object(p1) from Player p1, Player p2 where p1.salary &gt; p2.salary and p2.name=?1</ejb-ql>
      </query>
    </entity>
    <entity>
      <display-name>LeagueEB</display-name>
      <ejb-name>LeagueBean</ejb-name>
      <local-home>team.LeagueLocalHome</local-home>
      <local>team.LeagueLocal</local>
      <ejb-class>team.LeagueBean</ejb-class>
      <persistence-type>Container</persistence-type>
      <prim-key-class>java.lang.String</prim-key-class>
      <reentrant>false</reentrant>
      <abstract-schema-name>League</abstract-schema-name>
      <cmp-field>
        <field-name>leagueId</field-name>
      </cmp-field>
      <cmp-field>
        <field-name>name</field-name>
      </cmp-field>
      <cmp-field>
        <field-name>sport</field-name>
      </cmp-field>
      <primkey-field>leagueId</primkey-field>
      <query>
        <description>auto generated method</description>
        <query-method>
          <method-name>findByName</method-name>
          <method-params>
            <method-param>java.lang.String</method-param>
          </method-params>
        </query-method>
        <ejb-ql>SELECT OBJECT(l) FROM League AS l WHERE l.name = ?1</ejb-ql>
      </query>
      <query>
        <description>auto generated method</description>
        <query-method>
          <method-name>findBySport</method-name>
          <method-params>
            <method-param>java.lang.String</method-param>
          </method-params>
        </query-method>
        <ejb-ql>SELECT OBJECT(l) FROM League AS l WHERE l.sport = ?1</ejb-ql>
      </query>
    </entity>
  </enterprise-beans>
  <relationships>
    <ejb-relation>
      <description/>
      <ejb-relation-name>TeamPlayer</ejb-relation-name>
      <ejb-relationship-role>
        <ejb-relationship-role-name>PlayerId</ejb-relationship-role-name>
        <multiplicity>Many</multiplicity>
        <relationship-role-source>
          <ejb-name>PlayerBean</ejb-name>
        </relationship-role-source>
        <cmr-field>
          <cmr-field-name>teams</cmr-field-name>
          <cmr-field-type>java.util.Collection</cmr-field-type>
        </cmr-field>
      </ejb-relationship-role>
      <ejb-relationship-role>
        <ejb-relationship-role-name>TeamId</ejb-relationship-role-name>
        <multiplicity>Many</multiplicity>
        <relationship-role-source>
          <ejb-name>TeamBean</ejb-name>
        </relationship-role-source>
        <cmr-field>
          <cmr-field-name>players</cmr-field-name>
          <cmr-field-type>java.util.Collection</cmr-field-type>
        </cmr-field>
      </ejb-relationship-role>
    </ejb-relation>
    <ejb-relation>
      <description/>
      <ejb-relation-name>TeamBean-LeagueBean</ejb-relation-name>
      <ejb-relationship-role>
        <ejb-relationship-role-name>TeamBean</ejb-relationship-role-name>
        <multiplicity>Many</multiplicity>
        <cascade-delete/>
        <relationship-role-source>
          <ejb-name>TeamBean</ejb-name>
        </relationship-role-source>
        <cmr-field>
          <cmr-field-name>league</cmr-field-name>
        </cmr-field>
      </ejb-relationship-role>
      <ejb-relationship-role>
        <ejb-relationship-role-name>LeagueId</ejb-relationship-role-name>
        <multiplicity>One</multiplicity>
        <relationship-role-source>
          <ejb-name>LeagueBean</ejb-name>
        </relationship-role-source>
        <cmr-field>
          <cmr-field-name>teams</cmr-field-name>
          <cmr-field-type>java.util.Collection</cmr-field-type>
        </cmr-field>
      </ejb-relationship-role>
    </ejb-relation>
  </relationships>
  <assembly-descriptor>
    <container-transaction>
      <method>
        <ejb-name>TeamBean</ejb-name>
        <method-name>*</method-name>
      </method>
      <trans-attribute>Required</trans-attribute>
    </container-transaction>
    <container-transaction>
      <method>
        <ejb-name>PlayerBean</ejb-name>
        <method-name>*</method-name>
      </method>
      <trans-attribute>Required</trans-attribute>
    </container-transaction>
    <container-transaction>
      <method>
        <ejb-name>LeagueBean</ejb-name>
        <method-name>*</method-name>
      </method>
      <trans-attribute>Required</trans-attribute>
    </container-transaction>
    <container-transaction>
      <method>
        <ejb-name>RosterBean</ejb-name>
        <method-name>*</method-name>
      </method>
      <trans-attribute>Required</trans-attribute>
    </container-transaction>
  </assembly-descriptor>
</ejb-jar>
