<?xml version="1.0" encoding="UTF-8"?>
<sun-cmp-mappings>
  <sun-cmp-mapping>
    <schema>PBPUBLIC_CMPRoster</schema>
    <entity-mapping>
      <ejb-name>TeamBean</ejb-name>
      <table-name>TEAM</table-name>
      <cmp-field-mapping>
        <field-name>city</field-name>
        <column-name>TEAM.CITY</column-name>
        <fetched-with>
          <default/>
        </fetched-with>
      </cmp-field-mapping>
      <cmp-field-mapping>
        <field-name>name</field-name>
        <column-name>TEAM.NAME</column-name>
        <fetched-with>
          <default/>
        </fetched-with>
      </cmp-field-mapping>
      <cmp-field-mapping>
        <field-name>teamId</field-name>
        <column-name>TEAM.ID</column-name>
        <fetched-with>
          <default/>
        </fetched-with>
      </cmp-field-mapping>
      <cmr-field-mapping>
        <cmr-field-name>league</cmr-field-name>
        <column-pair>
          <column-name>TEAM.LEAGUE_ID</column-name>
          <column-name>LEAGUE.ID</column-name>
        </column-pair>
        <fetched-with>
          <none/>
        </fetched-with>
      </cmr-field-mapping>
      <cmr-field-mapping>
        <cmr-field-name>players</cmr-field-name>
        <column-pair>
          <column-name>TEAM.ID</column-name>
          <column-name>TEAM_PLAYER.TEAM_ID</column-name>
        </column-pair>
        <column-pair>
          <column-name>TEAM_PLAYER.PLAYER_ID</column-name>
          <column-name>PLAYER.ID</column-name>
        </column-pair>
        <fetched-with>
          <none/>
        </fetched-with>
      </cmr-field-mapping>
    </entity-mapping>
    <entity-mapping>
      <ejb-name>LeagueBean</ejb-name>
      <table-name>LEAGUE</table-name>
      <cmp-field-mapping>
        <field-name>leagueId</field-name>
        <column-name>LEAGUE.ID</column-name>
        <fetched-with>
          <default/>
        </fetched-with>
      </cmp-field-mapping>
      <cmp-field-mapping>
        <field-name>name</field-name>
        <column-name>LEAGUE.NAME</column-name>
        <fetched-with>
          <default/>
        </fetched-with>
      </cmp-field-mapping>
      <cmp-field-mapping>
        <field-name>sport</field-name>
        <column-name>LEAGUE.SPORT</column-name>
        <fetched-with>
          <default/>
        </fetched-with>
      </cmp-field-mapping>
      <cmr-field-mapping>
        <cmr-field-name>teams</cmr-field-name>
        <column-pair>
          <column-name>LEAGUE.ID</column-name>
          <column-name>TEAM.LEAGUE_ID</column-name>
        </column-pair>
        <fetched-with>
          <none/>
        </fetched-with>
      </cmr-field-mapping>
    </entity-mapping>
    <entity-mapping>
      <ejb-name>PlayerBean</ejb-name>
      <table-name>PLAYER</table-name>
      <cmp-field-mapping>
        <field-name>name</field-name>
        <column-name>PLAYER.NAME</column-name>
        <fetched-with>
          <default/>
        </fetched-with>
      </cmp-field-mapping>
      <cmp-field-mapping>
        <field-name>playerId</field-name>
        <column-name>PLAYER.ID</column-name>
        <fetched-with>
          <default/>
        </fetched-with>
      </cmp-field-mapping>
      <cmp-field-mapping>
        <field-name>position</field-name>
        <column-name>PLAYER.POSITION</column-name>
        <fetched-with>
          <default/>
        </fetched-with>
      </cmp-field-mapping>
      <cmp-field-mapping>
        <field-name>salary</field-name>
        <column-name>PLAYER.SALARY</column-name>
        <fetched-with>
          <default/>
        </fetched-with>
      </cmp-field-mapping>
      <cmr-field-mapping>
        <cmr-field-name>teams</cmr-field-name>
        <column-pair>
          <column-name>PLAYER.ID</column-name>
          <column-name>TEAM_PLAYER.PLAYER_ID</column-name>
        </column-pair>
        <column-pair>
          <column-name>TEAM_PLAYER.TEAM_ID</column-name>
          <column-name>TEAM.ID</column-name>
        </column-pair>
        <fetched-with>
          <none/>
        </fetched-with>
      </cmr-field-mapping>
    </entity-mapping>
  </sun-cmp-mapping>
</sun-cmp-mappings>
