<?xml version="1.0" encoding="UTF-8"?>
<ejb-jar version="2.1" xmlns="http://java.sun.com/xml/ns/j2ee" xmlns:xsi="http://www.w3.org/2001/XMLSchema-instance" xsi:schemaLocation="http://java.sun.com/xml/ns/j2ee http://java.sun.com/xml/ns/j2ee/ejb-jar_2_1.xsd">
  <display-name>SalesRep</display-name>
  <enterprise-beans>
    <entity>
      <display-name>CustomerEB</display-name>
      <ejb-name>CustomerBean</ejb-name>
      <home>salesrep.CustomerRemoteHome</home>
      <remote>salesrep.CustomerRemote</remote>
      <ejb-class>salesrep.CustomerBean</ejb-class>
      <persistence-type>Bean</persistence-type>
      <prim-key-class>java.lang.String</prim-key-class>
      <reentrant>false</reentrant>
      <resource-ref>
        <description>jdbc:pointbase://localhost:9092/sample [pbpublic on PBPUBLIC]</description>
        <res-ref-name>jdbc/SalesDB</res-ref-name>
        <res-type>javax.sql.DataSource</res-type>
        <res-auth>Container</res-auth>
        <res-sharing-scope>Shareable</res-sharing-scope>
      </resource-ref>
    </entity>
    <entity>
      <display-name>SalesRepEB</display-name>
      <ejb-name>SalesRepBean</ejb-name>
      <home>salesrep.SalesRepRemoteHome</home>
      <remote>salesrep.SalesRepRemote</remote>
      <ejb-class>salesrep.SalesRepBean</ejb-class>
      <persistence-type>Bean</persistence-type>
      <prim-key-class>java.lang.String</prim-key-class>
      <reentrant>false</reentrant>
      <ejb-ref>
        <ejb-ref-name>ejb/Customer</ejb-ref-name>
        <ejb-ref-type>Entity</ejb-ref-type>
        <home>salesrep.CustomerRemoteHome</home>
        <remote>salesrep.CustomerRemote</remote>
        <ejb-link>CustomerBean</ejb-link>
      </ejb-ref>
      <resource-ref>
        <description>jdbc:pointbase://localhost:9092/sample [pbpublic on PBPUBLIC]</description>
        <res-ref-name>jdbc/SalesDB</res-ref-name>
        <res-type>javax.sql.DataSource</res-type>
        <res-auth>Container</res-auth>
        <res-sharing-scope>Shareable</res-sharing-scope>
      </resource-ref>
    </entity>
  </enterprise-beans>
  <assembly-descriptor>
    <container-transaction>
      <method>
        <ejb-name>CustomerBean</ejb-name>
        <method-name>*</method-name>
      </method>
      <trans-attribute>Required</trans-attribute>
    </container-transaction>
    <container-transaction>
      <method>
        <ejb-name>SalesRepBean</ejb-name>
        <method-name>*</method-name>
      </method>
      <trans-attribute>Required</trans-attribute>
    </container-transaction>
  </assembly-descriptor>
</ejb-jar>
