[
	{
	 	"name": "Lombardia",
	  	"prov": [
			  {
				  "name": "Milano"
			  },
			  {
				  "name": "Monza"
			  },
			  {
				  "name": "Lecco"
			  },
			  {
				  "name": "Sondrio"
			  },
			  {
				  "name": "Varese"
			  },
			  {
				  "name": "Pavia"
			  },
			  {
				  "name": "Mantova"
			  },
			  {
				  "name": "Lodi"
			  },
			  {
				  "name": "Cremona"
			  },
			  {
				  "name": "Como"
			  },
			  {
				  "name": "Brescia"
			  },
			  {
				  "name": "Bergamo"
			  }
		  ]
	  },
	  {
		  "name": "Liguria",
		  "prov": [
			  {
				  "name": "Impera"
			  },
			  {
				  "name": "Genova"
			  },
			  {
				  "name": "La Spezia"
			  },
			  {
				  "name": "Savona"
			  }
		  ]		
	  },
	  {
		  "name": "Piemonte",
		  "prov": [
			  {
				  "name": "Torino"
			  },
			  {
				  "name": "Alessandria"
			  },
			  {
				  "name": "Asti"
			  },
			  {
				  "name": "Biella"
			  },
			  {
				  "name": "Cuneo"
			  },
			  {
				  "name": "Novara"
			  },
			  {
				  "name": "Verbano-Cusio-Ossola"
			  },
			  {
				  "name": "Vercelli"
			  }
		  ]
	  }
  ]