<?xml version="1.0" encoding="UTF-8"?>
<ejb-jar version="2.1" xmlns="http://java.sun.com/xml/ns/j2ee" xmlns:xsi="http://www.w3.org/2001/XMLSchema-instance" xsi:schemaLocation="http://java.sun.com/xml/ns/j2ee http://java.sun.com/xml/ns/j2ee/ejb-jar_2_1.xsd">
  <display-name>Checker</display-name>
  <enterprise-beans>
    <session>
      <display-name>CheckerSB</display-name>
      <ejb-name>CheckerBean</ejb-name>
      <home>checker.CheckerRemoteHome</home>
      <remote>checker.CheckerRemote</remote>
      <ejb-class>checker.CheckerBean</ejb-class>
      <session-type>Stateful</session-type>
      <transaction-type>Container</transaction-type>
      <env-entry>
        <env-entry-name>Discount Level</env-entry-name>
        <env-entry-type>java.lang.Double</env-entry-type>
        <env-entry-value>1</env-entry-value>
      </env-entry>
      <env-entry>
        <env-entry-name>Discount Percent</env-entry-name>
        <env-entry-type>java.lang.Double</env-entry-type>
        <env-entry-value>50</env-entry-value>
      </env-entry>
    </session>
  </enterprise-beans>
  <assembly-descriptor>
    <container-transaction>
      <method>
        <ejb-name>CheckerBean</ejb-name>
        <method-name>*</method-name>
      </method>
      <trans-attribute>Required</trans-attribute>
    </container-transaction>
  </assembly-descriptor>
</ejb-jar>
