<?xml version="1.0" encoding="UTF-8"?>
<ejb-jar version="2.1" xmlns="http://java.sun.com/xml/ns/j2ee" xmlns:xsi="http://www.w3.org/2001/XMLSchema-instance" xsi:schemaLocation="http://java.sun.com/xml/ns/j2ee http://java.sun.com/xml/ns/j2ee/ejb-jar_2_1.xsd">
  <display-name>SavingsAccount</display-name>
  <enterprise-beans>
    <entity>
      <display-name>SavingsAccountEB</display-name>
      <ejb-name>SavingsAccountBean</ejb-name>
      <home>bank.SavingsAccountRemoteHome</home>
      <remote>bank.SavingsAccountRemote</remote>
      <ejb-class>bank.SavingsAccountBean</ejb-class>
      <persistence-type>Bean</persistence-type>
      <prim-key-class>java.lang.String</prim-key-class>
      <reentrant>false</reentrant>
      <resource-ref>
        <description>jdbc:pointbase://localhost:9092/sample [pbpublic on PBPUBLIC]</description>
        <res-ref-name>jdbc/pointbase</res-ref-name>
        <res-type>javax.sql.DataSource</res-type>
        <res-auth>Container</res-auth>
        <res-sharing-scope>Shareable</res-sharing-scope>
      </resource-ref>
    </entity>
  </enterprise-beans>
  <assembly-descriptor>
    <container-transaction>
      <method>
        <ejb-name>SavingsAccountBean</ejb-name>
        <method-name>*</method-name>
      </method>
      <trans-attribute>Required</trans-attribute>
    </container-transaction>
  </assembly-descriptor>
</ejb-jar>
