<?xml version="1.0" encoding="UTF-8"?>
<!DOCTYPE sun-ejb-jar PUBLIC "-//Sun Microsystems, Inc.//DTD Application Server 8.1 EJB 2.1//EN" "http://www.sun.com/software/appserver/dtds/sun-ejb-jar_2_1-1.dtd">
<sun-ejb-jar>
  <enterprise-beans>
    <ejb>
      <ejb-name>SavingsAccountBean</ejb-name>
      <jndi-name>ejb/SavingsAccountBean</jndi-name>
      <resource-ref>
        <res-ref-name>jdbc/pointbase</res-ref-name>
        <jndi-name>jdbc/pointbase</jndi-name>
      </resource-ref>
    </ejb>
  </enterprise-beans>
</sun-ejb-jar>
