<?xml version="1.0" encoding="UTF-8"?>
<ejb-jar version="2.1" xmlns="http://java.sun.com/xml/ns/j2ee" xmlns:xsi="http://www.w3.org/2001/XMLSchema-instance" xsi:schemaLocation="http://java.sun.com/xml/ns/j2ee http://java.sun.com/xml/ns/j2ee/ejb-jar_2_1.xsd">
  <display-name>Storagebin</display-name>
  <enterprise-beans>
    <entity>
      <display-name>StorageBinEB</display-name>
      <ejb-name>StorageBinBean</ejb-name>
      <home>storagebin.StorageBinRemoteHome</home>
      <remote>storagebin.StorageBinRemote</remote>
      <ejb-class>storagebin.StorageBinBean</ejb-class>
      <persistence-type>Bean</persistence-type>
      <prim-key-class>java.lang.String</prim-key-class>
      <reentrant>false</reentrant>
    </entity>
    <entity>
      <display-name>WidgetEB</display-name>
      <ejb-name>WidgetBean</ejb-name>
      <home>storagebin.WidgetRemoteHome</home>
      <remote>storagebin.WidgetRemote</remote>
      <ejb-class>storagebin.WidgetBean</ejb-class>
      <persistence-type>Bean</persistence-type>
      <prim-key-class>java.lang.String</prim-key-class>
      <reentrant>false</reentrant>
    </entity>
  </enterprise-beans>
  <assembly-descriptor>
    <container-transaction>
      <method>
        <ejb-name>StorageBinBean</ejb-name>
        <method-name>*</method-name>
      </method>
      <trans-attribute>Required</trans-attribute>
    </container-transaction>
    <container-transaction>
      <method>
        <ejb-name>WidgetBean</ejb-name>
        <method-name>*</method-name>
      </method>
      <trans-attribute>Required</trans-attribute>
    </container-transaction>
  </assembly-descriptor>
</ejb-jar>
