<?xml version="1.0" encoding="UTF-8"?>
<!DOCTYPE sun-web-app PUBLIC "-//Sun Microsystems, Inc.//DTD Application Server 8.1 Servlet 2.4//EN" "http://www.sun.com/software/appserver/dtds/sun-web-app_2_4-1.dtd">
<sun-web-app error-url="">
  <context-root>/HelloWebClient</context-root>
  <service-ref>
    <service-ref-name>service/HelloService</service-ref-name>
    <port-info>
      <service-endpoint-interface>helloweb.HelloServiceSEI</service-endpoint-interface>
    </port-info>
  </service-ref>
  <class-loader delegate="true"/>
  <jsp-config>
    <property value="true" name="classdebuginfo">
      <description>Enable debug info compilation in the generated servlet class</description>
    </property>
    <property value="true" name="mappedfile">
      <description>Maintain a one-to-one correspondence between static content and the generated servlet class' java code</description>
    </property>
  </jsp-config>
</sun-web-app>
