<?xml version="1.0" encoding="UTF-8"?>
<application version="1.4" xmlns="http://java.sun.com/xml/ns/j2ee" xmlns:xsi="http://www.w3.org/2001/XMLSchema-instance" xsi:schemaLocation="http://java.sun.com/xml/ns/j2ee http://java.sun.com/xml/ns/j2ee/application_1_4.xsd">
  <display-name>ConverterApp</display-name>
  <module>
    <web>
      <web-uri>ConverterApp-WebModule.war</web-uri>
      <context-root>/ConverterApp-WebModule</context-root>
    </web>
  </module>
  <module>
    <ejb>ConverterApp-EJBModule.jar</ejb>
  </module>
</application>
