<?xml version="1.0" encoding="UTF-8"?>
<ejb-jar version="2.1" xmlns="http://java.sun.com/xml/ns/j2ee" xmlns:xsi="http://www.w3.org/2001/XMLSchema-instance" xsi:schemaLocation="http://java.sun.com/xml/ns/j2ee http://java.sun.com/xml/ns/j2ee/ejb-jar_2_1.xsd">
  <display-name>Cart</display-name>
  <enterprise-beans>
    <session>
      <display-name>CartSB</display-name>
      <ejb-name>CartBean</ejb-name>
      <home>cart.CartRemoteHome</home>
      <remote>cart.CartRemote</remote>
      <local-home>cart.CartLocalHome</local-home>
      <local>cart.CartLocal</local>
      <ejb-class>cart.CartBean</ejb-class>
      <session-type>Stateful</session-type>
      <transaction-type>Container</transaction-type>
    </session>
  </enterprise-beans>
  <assembly-descriptor>
    <container-transaction>
      <method>
        <ejb-name>CartBean</ejb-name>
        <method-name>*</method-name>
      </method>
      <trans-attribute>Required</trans-attribute>
    </container-transaction>
  </assembly-descriptor>
</ejb-jar>
