<?xml version="1.0" encoding="UTF-8"?>
<ejb-jar version="2.1" xmlns="http://java.sun.com/xml/ns/j2ee" xmlns:xsi="http://www.w3.org/2001/XMLSchema-instance" xsi:schemaLocation="http://java.sun.com/xml/ns/j2ee http://java.sun.com/xml/ns/j2ee/ejb-jar_2_1.xsd">
  <display-name>HelloService</display-name>
  <enterprise-beans>
    <session>
      <display-name>HelloServiceSB</display-name>
      <ejb-name>HelloService</ejb-name>
      <service-endpoint>hello.HelloServiceSEI</service-endpoint>
      <ejb-class>hello.HelloServiceBean</ejb-class>
      <session-type>Stateless</session-type>
      <transaction-type>Container</transaction-type>
    </session>
  </enterprise-beans>
</ejb-jar>
