<?xml version='1.0' encoding='UTF-8' ?>
<webservices xmlns='http://java.sun.com/xml/ns/j2ee' xmlns:xsi='http://www.w3.org/2001/XMLSchema-instance' xsi:schemaLocation='http://java.sun.com/xml/ns/j2ee http://www.ibm.com/webservices/xsd/j2ee_web_services_1_1.xsd' version='1.1'>
	<webservice-description>
		<webservice-description-name>HelloService</webservice-description-name>
		<wsdl-file>META-INF/wsdl/HelloService.wsdl</wsdl-file>
		<jaxrpc-mapping-file>META-INF/HelloService-mapping.xml</jaxrpc-mapping-file>
		<port-component xmlns:wsdl-port_ns='urn:HelloService/wsdl'>
			<port-component-name>HelloService</port-component-name>
			<wsdl-port>wsdl-port_ns:HelloServiceSEIPort</wsdl-port>
			<service-endpoint-interface>hello.HelloServiceSEI</service-endpoint-interface>
			<service-impl-bean>
				<ejb-link>HelloService</ejb-link>
			</service-impl-bean>
		</port-component>
	</webservice-description>
</webservices>
