<businessList generic="2.0" xmlns="urn:uddi-org:api_v2" operator="www.ibm.com/services/uddi" truncated="false"><businessInfos><businessInfo businessKey="5C4E0770-6952-11D5-AE83-0004AC49CC1E"><name>Food</name><description>Test Food</description><serviceInfos></serviceInfos></businessInfo><businessInfo businessKey="94803BF0-5DD8-11D7-A0C7-000629DC0A53"><name>Food Manufacturing</name><serviceInfos><serviceInfo serviceKey="DB111D50-5DD8-11D7-A0C7-000629DC0A53" businessKey="94803BF0-5DD8-11D7-A0C7-000629DC0A53"><name>Food Category</name></serviceInfo><serviceInfo serviceKey="F101DFF0-5DD8-11D7-A0C7-000629DC0A53" businessKey="94803BF0-5DD8-11D7-A0C7-000629DC0A53"><name>Food Price</name></serviceInfo></serviceInfos></businessInfo><businessInfo businessKey="5FBEB480-29D7-11D7-9B59-000629DC0A53"><name>foodCompanyA</name><description>It is a food company sells biscuit</description><serviceInfos></serviceInfos></businessInfo></businessInfos></businessList>
