<?xml version="1.0" encoding="UTF-8"?>
<project name="createNewDB" default="run" basedir=".">

<property file="../../common.properties" />
<path id="db.classpath">
  <fileset dir="${db.root}/lib">
    <include name="*.jar"/>
  </fileset>
</path>

<!-- JVM arguments -->
<property name="db.jvmargs" value="-ms16m -mx32m"/>

  <target name="startDB" description="Start database">
    <java classname="com.pointbase.net.netServer" classpathref="db.classpath">
      <!--
        This can be used if forked="true"
        <jvmarg line='-Djava.security.manager -Djava.security.policy="${db.root}\databases\pointbase.policy" -Ddatabase.home="${db.root}\databases" -Dpointbase.ini="${db.root}\databases\pointbase.ini" -Dpointbase.lib="${db.root}/lib"'/>
      -->
    </java>
  </target>

  <target name="run" depends="startDB" description="Create database tables and populate database.">
    <java classname="com.pointbase.tools.toolsCommander" fork="true" dir="${appsrv.root}">
      <jvmarg line="${db.jvmargs}"/>
      <arg line="${db.driver} ${db.url},database.home=${db.nb.home} ${sql.script} ${db.user} ${db.pwd}"/>
      <classpath refid="db.classpath"/>
    </java>
  </target>
  
</project>
