<?xml version="1.0" encoding="UTF-8"?>
<sun-cmp-mappings>
  <sun-cmp-mapping>
    <schema>ORDER_CmpOrder</schema>
    <entity-mapping>
      <ejb-name>PartBean</ejb-name>
      <table-name>PART</table-name>
      <cmp-field-mapping>
        <field-name>description</field-name>
        <column-name>PART.DESCRIPTION</column-name>
        <fetched-with>
          <default/>
        </fetched-with>
      </cmp-field-mapping>
      <cmp-field-mapping>
        <field-name>drawing</field-name>
        <column-name>PART_DETAIL.DRAWING</column-name>
        <fetched-with>
          <none/>
        </fetched-with>
      </cmp-field-mapping>
      <cmp-field-mapping>
        <field-name>partNumber</field-name>
        <column-name>PART.PART_NUMBER</column-name>
        <fetched-with>
          <default/>
        </fetched-with>
      </cmp-field-mapping>
      <cmp-field-mapping>
        <field-name>revision</field-name>
        <column-name>PART.REVISION</column-name>
        <fetched-with>
          <default/>
        </fetched-with>
      </cmp-field-mapping>
      <cmp-field-mapping>
        <field-name>revisionDate</field-name>
        <column-name>PART.REVISION_DATE</column-name>
        <fetched-with>
          <default/>
        </fetched-with>
      </cmp-field-mapping>
      <cmp-field-mapping>
        <field-name>specification</field-name>
        <column-name>PART_DETAIL.SPECIFICATION</column-name>
        <fetched-with>
          <none/>
        </fetched-with>
      </cmp-field-mapping>
      <cmr-field-mapping>
        <cmr-field-name>bomPart</cmr-field-name>
        <column-pair>
          <column-name>PART.BOM_PART_NUMBER</column-name>
          <column-name>PART.PART_NUMBER</column-name>
        </column-pair>
        <column-pair>
          <column-name>PART.BOM_REVISION</column-name>
          <column-name>PART.REVISION</column-name>
        </column-pair>
        <fetched-with>
          <none/>
        </fetched-with>
      </cmr-field-mapping>
      <cmr-field-mapping>
        <cmr-field-name>partBean1</cmr-field-name>
        <column-pair>
          <column-name>PART.PART_NUMBER</column-name>
          <column-name>PART.BOM_PART_NUMBER</column-name>
        </column-pair>
        <column-pair>
          <column-name>PART.REVISION</column-name>
          <column-name>PART.BOM_REVISION</column-name>
        </column-pair>
        <fetched-with>
          <none/>
        </fetched-with>
      </cmr-field-mapping>
      <cmr-field-mapping>
        <cmr-field-name>vendorPartBean</cmr-field-name>
        <column-pair>
          <column-name>PART.PART_NUMBER</column-name>
          <column-name>VENDOR_PART.PART_NUMBER</column-name>
        </column-pair>
        <column-pair>
          <column-name>PART.REVISION</column-name>
          <column-name>VENDOR_PART.PART_REVISION</column-name>
        </column-pair>
        <fetched-with>
          <none/>
        </fetched-with>
      </cmr-field-mapping>
      <secondary-table>
        <table-name>PART_DETAIL</table-name>
        <column-pair>
          <column-name>PART.PART_NUMBER</column-name>
          <column-name>PART_DETAIL.PART_NUMBER</column-name>
        </column-pair>
        <column-pair>
          <column-name>PART.REVISION</column-name>
          <column-name>PART_DETAIL.REVISION</column-name>
        </column-pair>
      </secondary-table>
    </entity-mapping>
    <entity-mapping>
      <ejb-name>LineitemBean</ejb-name>
      <table-name>LINEITEM</table-name>
      <cmp-field-mapping>
        <field-name>itemId</field-name>
        <column-name>LINEITEM.ITEM_ID</column-name>
        <fetched-with>
          <default/>
        </fetched-with>
      </cmp-field-mapping>
      <cmp-field-mapping>
        <field-name>orderId</field-name>
        <column-name>LINEITEM.ORDER_ID</column-name>
        <fetched-with>
          <default/>
        </fetched-with>
      </cmp-field-mapping>
      <cmp-field-mapping>
        <field-name>quantity</field-name>
        <column-name>LINEITEM.QUANTITY</column-name>
        <fetched-with>
          <default/>
        </fetched-with>
      </cmp-field-mapping>
      <cmr-field-mapping>
        <cmr-field-name>orderBean</cmr-field-name>
        <column-pair>
          <column-name>LINEITEM.ORDER_ID</column-name>
          <column-name>ORDERS.ORDER_ID</column-name>
        </column-pair>
        <fetched-with>
          <none/>
        </fetched-with>
      </cmr-field-mapping>
      <cmr-field-mapping>
        <cmr-field-name>vendorPartNumber</cmr-field-name>
        <column-pair>
          <column-name>LINEITEM.VENDOR_PART_NUMBER</column-name>
          <column-name>VENDOR_PART.VENDOR_PART_NUMBER</column-name>
        </column-pair>
        <fetched-with>
          <none/>
        </fetched-with>
      </cmr-field-mapping>
    </entity-mapping>
    <entity-mapping>
      <ejb-name>VendorBean</ejb-name>
      <table-name>VENDOR</table-name>
      <cmp-field-mapping>
        <field-name>address</field-name>
        <column-name>VENDOR.ADDRESS</column-name>
        <fetched-with>
          <default/>
        </fetched-with>
      </cmp-field-mapping>
      <cmp-field-mapping>
        <field-name>contact</field-name>
        <column-name>VENDOR.CONTACT</column-name>
        <fetched-with>
          <default/>
        </fetched-with>
      </cmp-field-mapping>
      <cmp-field-mapping>
        <field-name>name</field-name>
        <column-name>VENDOR.NAME</column-name>
        <fetched-with>
          <default/>
        </fetched-with>
      </cmp-field-mapping>
      <cmp-field-mapping>
        <field-name>phone</field-name>
        <column-name>VENDOR.PHONE</column-name>
        <fetched-with>
          <default/>
        </fetched-with>
      </cmp-field-mapping>
      <cmp-field-mapping>
        <field-name>vendorId</field-name>
        <column-name>VENDOR.VENDOR_ID</column-name>
        <fetched-with>
          <default/>
        </fetched-with>
      </cmp-field-mapping>
      <cmr-field-mapping>
        <cmr-field-name>vendorPartBean</cmr-field-name>
        <column-pair>
          <column-name>VENDOR.VENDOR_ID</column-name>
          <column-name>VENDOR_PART.VENDOR_ID</column-name>
        </column-pair>
        <fetched-with>
          <none/>
        </fetched-with>
      </cmr-field-mapping>
    </entity-mapping>
    <entity-mapping>
      <ejb-name>VendorPartBean</ejb-name>
      <table-name>VENDOR_PART</table-name>
      <cmp-field-mapping>
        <field-name>description</field-name>
        <column-name>VENDOR_PART.DESCRIPTION</column-name>
        <fetched-with>
          <default/>
        </fetched-with>
      </cmp-field-mapping>
      <cmp-field-mapping>
        <field-name>price</field-name>
        <column-name>VENDOR_PART.PRICE</column-name>
        <fetched-with>
          <default/>
        </fetched-with>
      </cmp-field-mapping>
      <cmr-field-mapping>
        <cmr-field-name>lineitemBean</cmr-field-name>
        <column-pair>
          <column-name>VENDOR_PART.VENDOR_PART_NUMBER</column-name>
          <column-name>LINEITEM.VENDOR_PART_NUMBER</column-name>
        </column-pair>
        <fetched-with>
          <none/>
        </fetched-with>
      </cmr-field-mapping>
      <cmr-field-mapping>
        <cmr-field-name>partBean</cmr-field-name>
        <column-pair>
          <column-name>VENDOR_PART.PART_NUMBER</column-name>
          <column-name>PART.PART_NUMBER</column-name>
        </column-pair>
        <column-pair>
          <column-name>VENDOR_PART.PART_REVISION</column-name>
          <column-name>PART.REVISION</column-name>
        </column-pair>
        <fetched-with>
          <none/>
        </fetched-with>
      </cmr-field-mapping>
      <cmr-field-mapping>
        <cmr-field-name>vendor</cmr-field-name>
        <column-pair>
          <column-name>VENDOR_PART.VENDOR_ID</column-name>
          <column-name>VENDOR.VENDOR_ID</column-name>
        </column-pair>
        <fetched-with>
          <none/>
        </fetched-with>
      </cmr-field-mapping>
    </entity-mapping>
    <entity-mapping>
      <ejb-name>OrderBean</ejb-name>
      <table-name>ORDERS</table-name>
      <cmp-field-mapping>
        <field-name>discount</field-name>
        <column-name>ORDERS.DISCOUNT</column-name>
        <fetched-with>
          <default/>
        </fetched-with>
      </cmp-field-mapping>
      <cmp-field-mapping>
        <field-name>lastUpdate</field-name>
        <column-name>ORDERS.LAST_UPDATE</column-name>
        <fetched-with>
          <default/>
        </fetched-with>
      </cmp-field-mapping>
      <cmp-field-mapping>
        <field-name>orderId</field-name>
        <column-name>ORDERS.ORDER_ID</column-name>
        <fetched-with>
          <default/>
        </fetched-with>
      </cmp-field-mapping>
      <cmp-field-mapping>
        <field-name>shipmentInfo</field-name>
        <column-name>ORDERS.SHIPMENT_INFO</column-name>
        <fetched-with>
          <default/>
        </fetched-with>
      </cmp-field-mapping>
      <cmp-field-mapping>
        <field-name>status</field-name>
        <column-name>ORDERS.STATUS</column-name>
        <fetched-with>
          <default/>
        </fetched-with>
      </cmp-field-mapping>
      <cmr-field-mapping>
        <cmr-field-name>lineitemBean</cmr-field-name>
        <column-pair>
          <column-name>ORDERS.ORDER_ID</column-name>
          <column-name>LINEITEM.ORDER_ID</column-name>
        </column-pair>
        <fetched-with>
          <none/>
        </fetched-with>
      </cmr-field-mapping>
    </entity-mapping>
  </sun-cmp-mapping>
</sun-cmp-mappings>
