[
	{
		"name": "Banco di Napoli",
		"id": "1010"
	},
	{
		"name": "Intesa San Paolo s.p.A.",
		"id": "1025"
	},
	{
		"name": "Banco di Credito Sardo",
		"id": "3059"
	},
	{
		"name": "Neos Banca",
		"id": "3099"
	},
	{
		"name": "Farbanca S.p.A.",
		"id": "3110"
	},
	{
		"name": "State Street Bank",
		"id": "3163"
	},
	{
		"name": "I.S. Private Banking",
		"id": "3239"
	},
	{
		"name": "Banca di Trento e Bolzano",
		"id": "3240"
	},
	{
		"name": "Banca IMI",
		"id": "3249"
	},
	{
		"name": "Banca Fideuram",
		"id": "3296"
	},
	{
		"name": "BIIS",
		"id": "3309"
	},
	{
		"name": "Banca Prossima",
		"id": "3359"
	},
	{
		"name": "Banca dell'Adriatico",
		"id": "5748"
	},
	{
		"name": "C.R. Forlì e della Romagna",
		"id": "6010"
	},
	{
		"name": "Banca C.R Spezia",
		"id": "6030"
	},
	{
		"name": "C.R. Provincia di Viterbo",
		"id": "6065"
	}
]