{
  "raggruppoEsp": "raggruppoEsp1",
  "descrizione": "descrizione1",
  "progressivo": 1001,
  "dettaglio": [
    {
      "codiceDato": "codiceDato3",
      "descrizioneCodice": "descrizioneCodice",
      "valoreDato": "valoreDato1",
      "descrizioneValoreDato": "descrizioneValoreDato1",
      "dataCensimento": "27/15/2015",
      "dataVaOraVa": "27/15/2015 19:00"
    },
    {
      "codiceDato": "codiceDato2",
      "descrizioneCodice": "descrizioneCodice2",
      "valoreDato": "valoreDato2",
      "descrizioneValoreDato": "descrizioneValoreDato2",
      "dataCensimento": "27/15/2015",
      "dataVaOraVa": "27/15/2015 16:00"
    },
    {
      "codiceDato": "codiceDato1",
      "descrizioneCodice": "descrizioneCodice3",
      "valoreDato": "valoreDato3",
      "descrizioneValoreDato": "descrizioneValoreDato3",
      "dataCensimento": "27/15/2015",
      "dataVaOraVa": "27/15/2015 17:00"
    }
  ]
}