<?xml version="1.0" encoding="UTF-8"?>
<!DOCTYPE sun-ejb-jar PUBLIC "-//Sun Microsystems, Inc.//DTD Application Server 8.1 EJB 2.1//EN" "http://www.sun.com/software/appserver/dtds/sun-ejb-jar_2_1-1.dtd">
<sun-ejb-jar>
  <enterprise-beans>
    <ejb>
      <ejb-name>EnrollerBean</ejb-name>
      <jndi-name>ejb/SimpleEnroller</jndi-name>
    </ejb>
    <ejb>
      <ejb-name>StudentBean</ejb-name>
      <jndi-name>ejb/SimpleStudent</jndi-name>
      <ejb-ref>
        <ejb-ref-name>ejb/SimpleEnroller</ejb-ref-name>
        <jndi-name>ejb/SimpleEnroller</jndi-name>
      </ejb-ref>
    </ejb>
    <ejb>
      <ejb-name>CourseBean</ejb-name>
      <jndi-name>ejb/SimpleCourse</jndi-name>
      <ejb-ref>
        <ejb-ref-name>ejb/SimpleEnroller</ejb-ref-name>
        <jndi-name>ejb/SimpleEnroller</jndi-name>
      </ejb-ref>
    </ejb>
  </enterprise-beans>
</sun-ejb-jar>
