<?xml version="1.0" encoding="UTF-8"?>
<!DOCTYPE sun-ejb-jar PUBLIC "-//Sun Microsystems, Inc.//DTD Application Server 8.1 EJB 2.1//EN" "http://www.sun.com/software/appserver/dtds/sun-ejb-jar_2_1-1.dtd">
<sun-ejb-jar>
  <enterprise-beans>
    <ejb>
      <ejb-name>SimpleMessageBean</ejb-name>
      <jndi-name>jms/SimpleMessageBean</jndi-name>
      <mdb-connection-factory>
        <jndi-name>jms/SimpleMessageDestinationFactory</jndi-name>
      </mdb-connection-factory>
      <bean-pool>
        <steady-pool-size>2</steady-pool-size>
        <resize-quantity>2</resize-quantity>
        <max-pool-size>20</max-pool-size>
        <pool-idle-timeout-in-seconds>20</pool-idle-timeout-in-seconds>
      </bean-pool>
    </ejb>
    <message-destination>
      <message-destination-name>SimpleMessageDestination</message-destination-name>
      <jndi-name>jms/SimpleMessageBean</jndi-name>
    </message-destination>
  </enterprise-beans>
</sun-ejb-jar>
